post_title,post_message,post_status,created_at
Was ich liebe?,ich mag musik hören.,public,2022-11-03 14:37:52.591384
Post№123.10,Some post 123.10,public,2022-10-24 10:59:09.276874
Post№123.9,Some post 123.9,public,2022-10-24 10:59:09.276873
Post№123.8,Some post 123.8,public,2022-10-24 10:59:09.276872
Post№123.7,Some post 123.7,anon,2022-10-24 10:59:09.276871
Post№123.6,Some post 123.6,public,2022-10-24 10:59:09.276870
Post№123.5,Some post 123.5,public,2022-10-24 10:59:09.276869
Post№123.4,Some post 123.4,anon,2022-10-24 10:59:09.276868
Post№123.3,Some post 123.3,anon,2022-10-24 10:59:09.276867
Post№123.2,Some post 123.2,public,2022-10-24 10:59:09.276866
Post№123.1,Some post 123.1,anon,2022-10-24 10:59:09.276865
